Płeć,Wiek,Wykształcenie,Średnie Zarobki,Czas Początkowy Podróży,Czas Końcowy Podróży,Cel Podróży
Kobieta,27.0,Wyższe,11932.59,06:12,11:32,Inne
Mężczyzna,54.0,Podstawowe,13456.36,14:14,14:53,Praca
Kobieta,30.0,Podstawowe,13540.95,18:56,23:41,Praca
Mężczyzna,65.0,Wyższe,12504.73,12:14,21:14,Praca
Mężczyzna,51.0,Podstawowe,4232.7,10:02,20:15,Praca
Kobieta,61.0,Średnie,8089.42,20:57,09:18,Rozrywka
Kobieta,53.0,Podstawowe,13018.58,17:50,03:48,Zakupy
Mężczyzna,66.0,Podstawowe,11672.45,13:56,15:41,Inne
Kobieta,57.0,Podstawowe,4934.68,07:58,11:01,Zakupy
Mężczyzna,42.0,Wyższe,8050.27,22:10,22:18,Zakupy
Mężczyzna,44.0,Średnie,7496.33,08:00,12:27,Inne
Mężczyzna,30.0,Średnie,3889.24,12:44,22:01,Rozrywka
Mężczyzna,49.0,Średnie,7927.8,05:23,07:46,Zakupy
Mężczyzna,33.0,Wyższe,13335.71,09:46,09:16,Rozrywka
Kobieta,42.0,Średnie,3291.73,21:18,04:57,Edukacja
Kobieta,35.0,Podstawowe,13130.32,23:52,06:16,Praca
Kobieta,35.0,Podstawowe,3864.79,05:17,16:36,Praca
Kobieta,34.0,Wyższe,11582.58,09:54,17:15,Rozrywka
Mężczyzna,27.0,Wyższe,6612.23,06:28,09:44,Praca
Mężczyzna,68.0,Podstawowe,6369.07,08:35,16:59,Rozrywka
Mężczyzna,26.0,Średnie,10546.33,21:33,06:14,Praca
Mężczyzna,29.0,Wyższe,7131.68,05:58,12:09,Edukacja
Kobieta,46.0,Podstawowe,12040.87,14:01,21:02,Zakupy
Mężczyzna,20.0,Wyższe,12266.26,07:42,,Inne
Kobieta,25.0,Wyższe,8103.44,17:46,01:43,Edukacja
Mężczyzna,19.0,Średnie,4895.71,07:45,08:48,Rozrywka
Mężczyzna,55.0,Wyższe,6043.54,16:04,00:16,Rozrywka
Mężczyzna,23.0,Wyższe,13408.94,16:46,17:51,Inne
Kobieta,64.0,Podstawowe,11646.06,14:45,14:43,Edukacja
Mężczyzna,58.0,Podstawowe,3297.96,18:06,19:02,Rozrywka
Kobieta,41.0,Podstawowe,5916.19,10:58,14:44,Inne
Mężczyzna,51.0,Średnie,8366.88,14:44,16:23,Zakupy
Kobieta,69.0,Podstawowe,9070.65,12:04,19:10,Zakupy
Mężczyzna,21.0,Podstawowe,4417.68,07:24,16:18,Inne
Mężczyzna,41.0,Podstawowe,14853.18,21:05,04:33,Rozrywka
Mężczyzna,19.0,Podstawowe,9776.05,22:37,23:48,Inne
Kobieta,36.0,Podstawowe,3240.31,09:21,10:00,Edukacja
Kobieta,36.0,Średnie,5260.33,18:11,02:04,Rozrywka
Kobieta,23.0,Podstawowe,9609.82,16:41,20:36,Zakupy
Kobieta,59.0,Podstawowe,10770.28,17:58,03:56,Rozrywka
Mężczyzna,61.0,Średnie,4823.47,15:35,02:15,Inne
Mężczyzna,35.0,Średnie,13823.2,15:37,23:46,Rozrywka
Mężczyzna,58.0,Podstawowe,6901.24,19:46,19:02,Edukacja
Kobieta,53.0,Podstawowe,9666.39,13:38,16:24,Rozrywka
Kobieta,69.0,Podstawowe,13156.1,,08:03,Rozrywka
Mężczyzna,30.0,Średnie,9886.87,19:45,20:10,Rozrywka
Mężczyzna,23.0,,4091.39,14:36,20:39,Edukacja
Mężczyzna,38.0,Wyższe,11836.96,21:05,04:27,Zakupy
Mężczyzna,40.0,Wyższe,6855.23,18:19,21:07,Rozrywka
Mężczyzna,44.0,Podstawowe,10843.1,22:30,23:27,Rozrywka
Kobieta,26.0,Średnie,6869.32,12:55,23:10,Edukacja
Mężczyzna,40.0,Średnie,5778.03,15:47,23:18,Zakupy
Mężczyzna,65.0,Średnie,5061.58,20:55,04:06,Edukacja
Kobieta,34.0,Wyższe,6289.13,16:45,03:22,Inne
Mężczyzna,43.0,Podstawowe,7268.75,18:03,00:20,Praca
Kobieta,38.0,Podstawowe,7610.33,14:18,16:54,Praca
Mężczyzna,41.0,Średnie,9386.06,15:36,20:04,Edukacja
Kobieta,23.0,Średnie,3857.33,10:17,14:50,Zakupy
Kobieta,67.0,Wyższe,9039.43,11:24,14:56,Zakupy
Mężczyzna,50.0,Średnie,13800.7,17:12,03:32,Edukacja
Mężczyzna,41.0,Średnie,4254.43,22:56,04:27,Inne
Mężczyzna,23.0,Średnie,10769.94,05:08,14:58,Rozrywka
Mężczyzna,51.0,Podstawowe,13707.51,13:58,17:37,Edukacja
Kobieta,63.0,Podstawowe,8214.48,22:51,01:37,Rozrywka
Kobieta,29.0,Wyższe,9056.94,11:37,12:28,Inne
Kobieta,65.0,Wyższe,6619.44,14:47,15:15,Inne
Kobieta,31.0,Podstawowe,14988.9,11:13,19:23,Praca
Kobieta,67.0,Wyższe,5654.39,18:40,00:37,Inne
Mężczyzna,40.0,Podstawowe,10263.37,08:56,18:05,Rozrywka
Kobieta,34.0,Podstawowe,6770.03,06:23,12:19,Edukacja
Mężczyzna,44.0,Podstawowe,12503.96,09:01,18:45,Praca
Mężczyzna,59.0,Wyższe,14880.7,13:21,18:03,Edukacja
Mężczyzna,50.0,Średnie,8541.11,15:39,04:32,Rozrywka
Mężczyzna,54.0,Podstawowe,14274.54,23:14,08:31,Rozrywka
Mężczyzna,36.0,Średnie,9698.26,11:51,17:46,Rozrywka
Kobieta,25.0,Wyższe,10468.53,11:31,20:11,Rozrywka
Mężczyzna,45.0,Podstawowe,4466.18,07:12,07:22,Edukacja
Mężczyzna,23.0,Średnie,10054.78,09:36,10:26,Edukacja
Mężczyzna,39.0,Średnie,11951.42,21:36,02:54,Zakupy
Mężczyzna,46.0,Wyższe,6567.83,08:15,17:36,Edukacja
Kobieta,52.0,Podstawowe,7048.57,10:40,17:38,Inne
Mężczyzna,68.0,Wyższe,8965.07,05:13,09:12,Edukacja
Mężczyzna,62.0,Podstawowe,10817.3,21:25,04:23,Inne
Mężczyzna,59.0,Podstawowe,3238.0,08:19,09:03,Inne
Mężczyzna,65.0,Średnie,7380.15,16:42,22:08,Zakupy
Kobieta,61.0,Wyższe,9004.03,17:41,02:14,Praca
Kobieta,28.0,Średnie,4866.48,15:25,17:21,Edukacja
Mężczyzna,56.0,Średnie,12822.84,09:12,19:55,Praca
Kobieta,27.0,Wyższe,14054.43,09:30,13:29,Inne
Kobieta,35.0,Podstawowe,13010.11,09:18,09:04,Rozrywka
Mężczyzna,44.0,Podstawowe,10844.55,09:14,19:49,Edukacja
Mężczyzna,59.0,Podstawowe,3450.05,08:54,18:24,Edukacja
Kobieta,55.0,Wyższe,10650.08,11:33,11:47,Rozrywka
Mężczyzna,60.0,Wyższe,11859.84,18:41,01:09,Praca
Mężczyzna,36.0,Wyższe,14625.37,09:49,20:35,Praca
Kobieta,41.0,Podstawowe,8225.12,05:04,08:04,Edukacja
Mężczyzna,32.0,Podstawowe,4071.62,19:02,02:00,Rozrywka
Kobieta,34.0,Podstawowe,13393.09,14:30,14:14,Edukacja
Kobieta,40.0,Podstawowe,11038.22,18:19,19:50,Edukacja
Mężczyzna,58.0,Średnie,11636.78,07:28,14:33,Inne
Mężczyzna,41.0,Wyższe,5809.49,08:33,09:14,Inne
Kobieta,63.0,Średnie,13813.78,07:02,18:41,Edukacja
Kobieta,35.0,Średnie,11760.96,07:09,16:14,Zakupy
Kobieta,55.0,Średnie,6409.81,12:31,14:28,Zakupy
Kobieta,63.0,Średnie,5152.57,10:24,17:38,Inne
Kobieta,27.0,Podstawowe,14982.25,26:52,08:10,Inne
Mężczyzna,49.0,Podstawowe,3225.62,18:09,05:23,Edukacja
Mężczyzna,20.0,Wyższe,6285.96,13:41,13:58,Zakupy
,,,5933.27,,,Praca
Mężczyzna,59.0,Średnie,9678.94,18:04,00:26,Praca
Mężczyzna,28.0,Wyższe,3482.05,10:32,17:18,Praca
Kobieta,33.0,Wyższe,6759.8,11:14,15:04,Zakupy
,,,14440.63,,,Inne
Mężczyzna,37.0,Średnie,9777.63,12:35,12:09,Zakupy
Mężczyzna,59.0,Średnie,7236.47,21:26,22:59,Zakupy
Kobieta,69.0,Podstawowe,11383.05,14:01,18:07,Rozrywka
Kobieta,40.0,Wyższe,11171.42,11:31,19:24,Zakupy
Mężczyzna,64.0,Podstawowe,7937.91,11:45,22:51,Zakupy
Kobieta,25.0,Wyższe,,10:17,14:31,Praca
Mężczyzna,21.0,Średnie,12948.19,18:04,22:19,Inne
Kobieta,62.0,Wyższe,3412.86,05:33,06:34,Edukacja
Kobieta,32.0,Wyższe,8025.85,20:05,21:37,Zakupy
Kobieta,61.0,Podstawowe,5152.82,21:57,22:34,Inne
Mężczyzna,32.0,Średnie,13889.52,17:23,01:29,Inne
Kobieta,46.0,Średnie,11950.25,23:47,23:23,Praca
Kobieta,22.0,Podstawowe,14674.73,18:23,02:33,Edukacja
Kobieta,20.0,Średnie,5241.19,17:26,18:37,Edukacja
Kobieta,49.0,,14904.66,20:59,00:20,Rozrywka
Mężczyzna,56.0,Średnie,13825.03,09:55,13:47,Rozrywka
Kobieta,62.0,Wyższe,4764.86,23:44,02:26,Zakupy
Mężczyzna,60.0,Średnie,4491.46,17:16,00:21,Zakupy
Kobieta,35.0,Średnie,12596.04,22:15,02:04,Zakupy
Mężczyzna,42.0,Średnie,11036.83,22:53,23:33,Rozrywka
Kobieta,51.0,Podstawowe,7103.08,12:02,13:42,Edukacja
Mężczyzna,56.0,Średnie,11734.23,23:03,10:49,Edukacja
Kobieta,66.0,Średnie,6522.17,10:58,13:08,Inne
Mężczyzna,34.0,Średnie,4021.0,19:25,21:53,Edukacja
Mężczyzna,50.0,Wyższe,8832.86,07:10,09:00,Inne
Kobieta,26.0,Średnie,9061.18,15:16,15:37,Edukacja
Kobieta,43.0,Wyższe,14291.56,18:14,04:11,Zakupy
Kobieta,51.0,Podstawowe,4420.57,22:14,07:46,Rozrywka
Kobieta,33.0,Podstawowe,12135.8,14:14,19:26,Inne
Mężczyzna,59.0,Średnie,4549.1,11:11,11:39,Inne
Kobieta,47.0,Podstawowe,14669.37,20:31,05:08,Edukacja
Kobieta,28.0,Podstawowe,8774.21,20:42,03:37,Edukacja
Kobieta,54.0,Wyższe,11581.98,08:48,14:57,Zakupy
Kobieta,27.0,Wyższe,4647.18,23:09,23:07,Rozrywka
Mężczyzna,26.0,Średnie,12120.69,21:36,03:24,Inne
Mężczyzna,38.0,Wyższe,4984.06,08:01,13:42,Rozrywka
Mężczyzna,68.0,Średnie,7918.74,21:01,06:38,Edukacja
Kobieta,20.0,Wyższe,10194.92,11:17,18:18,Rozrywka
Kobieta,26.0,Wyższe,7629.57,13:03,21:20,Praca
Kobieta,38.0,Podstawowe,11235.11,09:29,14:40,Praca
Kobieta,56.0,Średnie,11825.57,09:03,15:45,Inne
Mężczyzna,,Wyższe,13673.67,18:36,05:13,Edukacja
Mężczyzna,39.0,Wyższe,4737.56,13:48,17:43,Inne
,23.0,Wyższe,,,,
Mężczyzna,19.0,Podstawowe,13066.6,13:12,19:43,Rozrywka
Mężczyzna,64.0,Podstawowe,10115.2,08:27,16:23,Inne
Kobieta,68.0,Podstawowe,9336.4,11:35,13:53,Rozrywka
Kobieta,53.0,Wyższe,12843.87,27:56,13:02,Inne
Mężczyzna,39.0,Podstawowe,14741.67,15:04,22:12,Zakupy
Mężczyzna,20.0,Wyższe,12353.3,15:54,23:37,Edukacja
Kobieta,34.0,Podstawowe,9612.53,11:18,17:51,Praca
Mężczyzna,45.0,Średnie,6731.54,06:14,06:02,Inne
Kobieta,55.0,Wyższe,6202.79,15:40,18:26,Rozrywka
Kobieta,58.0,Wyższe,9359.93,15:27,00:46,Rozrywka
Mężczyzna,46.0,Podstawowe,9719.11,,22:09,Zakupy
Kobieta,22.0,Wyższe,9584.87,12:54,13:18,Edukacja
Mężczyzna,27.0,Średnie,14156.75,12:48,15:52,Rozrywka
Kobieta,33.0,Średnie,13796.38,19:18,05:38,Rozrywka
Mężczyzna,32.0,Podstawowe,5803.44,07:16,15:58,Rozrywka
Kobieta,20.0,Podstawowe,4236.87,12:31,20:28,Zakupy
Mężczyzna,34.0,Wyższe,7696.91,18:03,00:10,Zakupy
Kobieta,25.0,Podstawowe,7324.58,18:20,02:25,Rozrywka
Kobieta,23.0,Wyższe,9416.82,10:30,16:44,Inne
Mężczyzna,65.0,Wyższe,9828.96,14:18,14:50,Rozrywka
Mężczyzna,69.0,Średnie,8902.9,14:12,01:44,Edukacja
Mężczyzna,22.0,Średnie,10068.09,14:35,20:27,Inne
Kobieta,46.0,Wyższe,3003.46,05:15,05:38,Zakupy
Kobieta,56.0,Średnie,7709.04,21:24,06:46,Praca
Kobieta,21.0,Wyższe,5666.69,15:21,17:04,Zakupy
Mężczyzna,19.0,Wyższe,7053.59,23:17,08:43,Inne
Mężczyzna,27.0,Średnie,9198.78,09:12,12:38,Edukacja
Kobieta,61.0,Wyższe,14958.3,11:38,20:58,Edukacja
Mężczyzna,,,,,,Edukacja
Mężczyzna,25.0,Średnie,4660.63,06:46,10:07,Edukacja
Kobieta,34.0,Podstawowe,9381.83,15:08,04:25,Praca
Kobieta,43.0,Podstawowe,5232.14,16:08,00:17,Praca
Kobieta,51.0,Wyższe,4434.83,12:43,15:55,Edukacja
Mężczyzna,30.0,Podstawowe,7307.47,11:02,13:05,Edukacja
Kobieta,50.0,Podstawowe,12403.25,15:17,01:33,Zakupy
Mężczyzna,40.0,Wyższe,4499.92,14:09,17:30,Praca
Mężczyzna,23.0,Podstawowe,11230.29,20:04,03:01,Rozrywka
Mężczyzna,27.0,Średnie,8733.91,07:56,16:55,Praca
Mężczyzna,50.0,Wyższe,7540.37,11:38,16:09,Zakupy
Mężczyzna,47.0,Podstawowe,14217.57,11:22,18:14,Praca
Kobieta,44.0,Średnie,9401.0,06:31,16:37,Rozrywka
Kobieta,30.0,Podstawowe,12331.2,12:11,16:34,Zakupy
Kobieta,38.0,Średnie,14010.04,15:21,17:23,Edukacja
Kobieta,37.0,Średnie,12881.7,07:05,14:35,Praca
Mężczyzna,,Wyższe,5926.0,,00:37,Inne
Kobieta,61.0,Wyższe,4238.25,21:22,01:24,Praca
Mężczyzna,65.0,Średnie,5204.59,11:46,11:14,Rozrywka
Kobieta,35.0,Wyższe,14894.9,23:43,03:08,Zakupy
Kobieta,20.0,Średnie,11532.06,23:25,07:49,Zakupy
Kobieta,35.0,Podstawowe,8020.01,15:16,19:55,Zakupy
Mężczyzna,42.0,Podstawowe,14043.77,22:52,07:56,Praca
Mężczyzna,52.0,Średnie,11931.62,23:00,03:14,Edukacja
Mężczyzna,67.0,Podstawowe,10197.46,14:21,22:07,Praca
Kobieta,63.0,Podstawowe,3583.72,12:46,16:33,Praca
Kobieta,37.0,Wyższe,7022.23,18:38,20:24,Zakupy
Mężczyzna,69.0,Wyższe,3741.05,17:12,22:21,Praca
Mężczyzna,47.0,Podstawowe,12058.5,11:10,21:06,Praca
Kobieta,44.0,Podstawowe,13533.47,08:06,12:20,Inne
Kobieta,59.0,Wyższe,4981.64,09:07,12:00,Inne
Mężczyzna,18.0,Średnie,11219.22,18:32,02:55,Edukacja
Kobieta,41.0,Podstawowe,12145.91,18:52,04:14,Rozrywka
Mężczyzna,63.0,Podstawowe,7417.06,18:10,22:22,Edukacja
Mężczyzna,58.0,Średnie,10821.49,12:05,16:52,Praca
Mężczyzna,66.0,Podstawowe,10858.06,16:51,23:39,Rozrywka
Kobieta,28.0,Średnie,14688.53,17:51,06:53,Inne
Kobieta,61.0,Wyższe,13673.94,18:35,22:58,Praca
Kobieta,62.0,Wyższe,4336.46,05:02,13:25,Inne
,,Podstawowe,,21:55,,
Mężczyzna,36.0,Wyższe,14322.27,21:23,23:18,Edukacja
Mężczyzna,67.0,Podstawowe,,13:16,19:45,Praca
Kobieta,43.0,Wyższe,12116.11,07:29,13:12,Inne
Mężczyzna,62.0,Wyższe,6168.27,13:12,18:10,Zakupy
Kobieta,23.0,Wyższe,5900.3,19:50,01:55,Zakupy
Mężczyzna,,,9183.25,,,
Kobieta,57.0,Podstawowe,9071.73,09:12,14:45,Praca
Mężczyzna,63.0,Podstawowe,5452.09,15:21,18:25,Praca
Mężczyzna,64.0,Średnie,3507.87,13:16,21:49,Edukacja
Mężczyzna,43.0,Średnie,4215.1,08:10,19:49,Zakupy
Kobieta,27.0,Podstawowe,13197.66,07:08,07:20,Rozrywka
Mężczyzna,26.0,Wyższe,5608.57,06:32,14:45,Inne
Mężczyzna,61.0,Wyższe,8566.44,13:02,19:56,Edukacja
Kobieta,34.0,Średnie,3621.33,23:06,02:44,Praca
Kobieta,35.0,Średnie,6489.71,06:22,12:11,Zakupy
Kobieta,29.0,Podstawowe,10756.1,15:01,02:48,Edukacja
Kobieta,56.0,Podstawowe,4281.37,16:23,16:14,Zakupy
Mężczyzna,21.0,Średnie,13940.82,15:21,18:14,Inne
Kobieta,60.0,Średnie,8392.71,11:08,22:55,Inne
Kobieta,39.0,Wyższe,8893.89,08:00,19:28,Inne
Kobieta,57.0,Wyższe,13103.84,06:06,14:55,Praca
Kobieta,25.0,Podstawowe,4415.19,14:22,18:09,Praca
Mężczyzna,68.0,Wyższe,5836.91,05:39,11:06,Zakupy
Mężczyzna,62.0,Wyższe,4772.04,12:01,15:37,Inne
Mężczyzna,38.0,Wyższe,5693.87,11:20,18:50,Praca
Kobieta,34.0,Podstawowe,14881.66,19:03,22:42,Inne
Mężczyzna,53.0,Średnie,3338.9,21:29,02:42,Praca
Kobieta,31.0,Wyższe,14021.26,,05:35,Edukacja
Kobieta,51.0,Średnie,11694.48,21:10,06:46,Inne
Kobieta,68.0,Podstawowe,10819.36,14:08,00:31,Inne
Kobieta,26.0,Średnie,12092.11,19:08,21:36,Inne
Mężczyzna,66.0,Wyższe,6344.92,11:01,22:00,Edukacja
Mężczyzna,61.0,Wyższe,8434.24,07:32,15:38,Zakupy
,38.0,Średnie,,,,
Mężczyzna,66.0,Wyższe,14857.26,13:22,20:38,Edukacja
Kobieta,20.0,Średnie,6576.61,05:16,11:04,Inne
Mężczyzna,51.0,Wyższe,3931.06,14:56,01:08,
Mężczyzna,20.0,Średnie,12804.3,16:31,23:25,Praca
Mężczyzna,41.0,Wyższe,13164.92,10:27,20:22,Edukacja
Mężczyzna,45.0,Wyższe,10540.95,06:45,08:49,Inne
Kobieta,68.0,Średnie,12527.3,22:43,06:24,Inne
Mężczyzna,55.0,Podstawowe,10478.75,08:45,10:47,Zakupy
Kobieta,18.0,Średnie,4404.49,18:41,01:27,Praca
Kobieta,47.0,Wyższe,6201.92,07:31,12:12,Praca
Mężczyzna,36.0,Podstawowe,12903.88,23:10,06:41,Inne
Mężczyzna,30.0,Podstawowe,5672.4,12:11,14:57,Inne
Mężczyzna,,,,,,Rozrywka
Kobieta,54.0,Podstawowe,6145.58,20:43,23:24,Rozrywka
Kobieta,64.0,Wyższe,10198.0,11:59,17:21,Zakupy
Kobieta,45.0,Podstawowe,7174.91,05:52,15:46,Inne
Mężczyzna,67.0,Średnie,8794.01,19:26,04:54,Edukacja
Kobieta,63.0,Wyższe,8981.32,13:12,14:09,Zakupy
Mężczyzna,22.0,Podstawowe,11238.1,16:36,20:18,Praca
Kobieta,31.0,Podstawowe,5555.24,09:30,15:00,Zakupy
Kobieta,35.0,Podstawowe,4805.89,11:43,17:16,Inne
Mężczyzna,65.0,Średnie,8656.06,17:00,00:22,Zakupy
Mężczyzna,68.0,Średnie,4129.29,19:35,04:37,Edukacja
Mężczyzna,26.0,Średnie,8016.09,13:27,21:06,Praca
Mężczyzna,44.0,Średnie,9481.06,18:36,19:33,Praca
Mężczyzna,58.0,Wyższe,11740.42,09:10,12:12,Zakupy
Mężczyzna,64.0,Podstawowe,,05:45,09:39,Zakupy
Kobieta,31.0,Podstawowe,3987.68,07:14,11:29,Rozrywka
Mężczyzna,30.0,Średnie,3840.33,16:55,03:50,Zakupy
Mężczyzna,21.0,Podstawowe,13842.43,12:36,21:39,Zakupy
Mężczyzna,68.0,Wyższe,14512.71,21:57,04:13,Edukacja
,,Wyższe,,05:38,,
Kobieta,44.0,Średnie,3302.28,22:10,04:31,Inne
Mężczyzna,33.0,Średnie,6743.79,07:22,08:31,Zakupy
Kobieta,63.0,Wyższe,4673.42,07:47,10:57,Zakupy
Kobieta,62.0,Średnie,4528.4,18:29,02:47,Edukacja
Mężczyzna,35.0,Wyższe,7781.2,05:20,10:24,Rozrywka
Mężczyzna,51.0,Podstawowe,3253.34,15:28,15:01,Zakupy
Mężczyzna,35.0,Podstawowe,10629.26,08:39,19:24,Inne
Mężczyzna,31.0,Podstawowe,10481.39,05:21,12:45,Edukacja
Kobieta,27.0,Podstawowe,6811.74,12:23,23:35,Rozrywka
Mężczyzna,51.0,Wyższe,12816.4,20:48,22:55,Zakupy
Kobieta,52.0,Wyższe,10440.89,16:06,19:10,Zakupy
Mężczyzna,67.0,Średnie,12851.52,08:09,16:11,Edukacja
Kobieta,65.0,Wyższe,8131.06,22:56,09:31,Edukacja
Mężczyzna,42.0,Wyższe,9764.45,11:05,20:39,Rozrywka
Kobieta,47.0,Średnie,6858.57,10:50,19:53,Praca
Kobieta,52.0,Wyższe,12180.22,06:24,13:26,Praca
Kobieta,64.0,Średnie,8434.62,23:26,06:36,Edukacja
Mężczyzna,55.0,Podstawowe,4361.48,14:55,20:25,Rozrywka
Kobieta,30.0,Wyższe,10767.51,20:49,02:14,Rozrywka
Mężczyzna,42.0,Podstawowe,12447.33,13:45,13:38,Praca
Kobieta,39.0,Podstawowe,4627.42,16:01,01:50,Edukacja
Kobieta,36.0,Średnie,3129.66,09:12,15:38,Praca
Mężczyzna,62.0,Podstawowe,14689.35,06:56,11:17,Inne
Kobieta,69.0,Średnie,13835.41,09:36,12:37,Edukacja
Kobieta,65.0,Średnie,13769.02,20:27,04:32,Edukacja
Mężczyzna,29.0,Średnie,12792.09,15:34,19:58,Praca
Kobieta,44.0,Podstawowe,13839.4,23:55,02:17,Inne
Kobieta,39.0,Średnie,4744.54,12:55,12:06,Praca
Mężczyzna,46.0,Średnie,8667.31,07:13,09:48,Rozrywka
Kobieta,35.0,Średnie,5804.07,15:55,01:46,Inne
Kobieta,40.0,Podstawowe,11545.45,21:12,08:47,Praca
Mężczyzna,65.0,Podstawowe,13707.4,05:29,12:13,Praca
Kobieta,42.0,Podstawowe,7064.49,11:49,12:27,Zakupy
Mężczyzna,28.0,Średnie,14359.32,16:16,20:51,Inne
Kobieta,23.0,Wyższe,13196.68,08:10,14:05,Zakupy
Kobieta,64.0,Podstawowe,3136.68,08:16,16:53,Rozrywka
Kobieta,33.0,Wyższe,13219.05,21:04,06:18,Rozrywka
Mężczyzna,34.0,Podstawowe,3296.8,17:14,04:59,Edukacja
Kobieta,66.0,Wyższe,5234.18,06:09,17:12,Edukacja
Mężczyzna,42.0,Podstawowe,13289.28,21:44,23:46,Edukacja
Kobieta,57.0,Wyższe,10530.3,11:35,14:05,Rozrywka
Kobieta,54.0,Wyższe,5856.83,18:16,23:47,Zakupy
Mężczyzna,18.0,Podstawowe,9252.2,14:08,16:53,Zakupy
Mężczyzna,49.0,Wyższe,9091.57,12:26,17:58,Zakupy
Kobieta,61.0,Średnie,3747.47,20:44,05:14,Inne
Kobieta,52.0,Podstawowe,7554.39,19:10,06:08,Edukacja
Kobieta,37.0,Średnie,10065.67,11:36,11:11,Edukacja
Kobieta,36.0,Podstawowe,5819.12,22:09,06:26,Zakupy
Mężczyzna,64.0,Średnie,7161.34,08:53,11:07,Rozrywka
Mężczyzna,35.0,Podstawowe,13662.49,06:46,10:05,Edukacja
Kobieta,46.0,Wyższe,8502.39,08:35,12:07,Rozrywka
Kobieta,22.0,Średnie,14245.23,06:23,07:11,Inne
Mężczyzna,48.0,Wyższe,6609.37,05:30,07:45,Edukacja
Mężczyzna,28.0,Podstawowe,12771.44,07:00,10:32,Rozrywka
Mężczyzna,22.0,Średnie,6467.53,18:25,18:50,Praca
Kobieta,25.0,Średnie,8797.44,08:08,14:01,Inne
Kobieta,65.0,Wyższe,7930.57,19:25,22:30,Zakupy
Kobieta,36.0,Podstawowe,12701.7,23:44,08:15,Zakupy
Kobieta,69.0,Średnie,8466.97,07:01,08:52,Zakupy
Kobieta,27.0,Średnie,12998.87,08:11,19:39,Inne
Mężczyzna,39.0,Podstawowe,13615.63,07:41,08:22,Rozrywka
Kobieta,26.0,Wyższe,10283.25,20:41,04:11,Edukacja
Kobieta,64.0,Wyższe,11545.5,25:32,05:37,Rozrywka
Mężczyzna,27.0,Podstawowe,6388.23,05:38,10:44,Praca
Kobieta,31.0,Podstawowe,4641.18,20:24,23:19,Rozrywka
Kobieta,35.0,Wyższe,6352.37,22:16,01:06,Rozrywka
Mężczyzna,24.0,Średnie,12140.87,21:58,22:10,Inne
Kobieta,41.0,Średnie,4567.85,06:28,12:49,Edukacja
Mężczyzna,24.0,Średnie,13696.12,22:28,00:17,Praca
Mężczyzna,27.0,Wyższe,8279.61,06:49,12:34,Zakupy
Mężczyzna,36.0,Podstawowe,9389.09,23:10,05:41,Rozrywka
Kobieta,43.0,Wyższe,3126.08,14:44,16:58,Zakupy
Mężczyzna,51.0,Podstawowe,11375.7,09:17,16:53,Praca
Kobieta,67.0,Podstawowe,7505.86,18:33,23:45,Praca
Kobieta,41.0,Wyższe,3478.59,16:59,21:59,Praca
Mężczyzna,26.0,Wyższe,11635.09,14:38,15:19,Zakupy
Kobieta,59.0,Podstawowe,10009.68,06:09,11:01,Rozrywka
Kobieta,18.0,Wyższe,8671.71,10:30,10:43,Rozrywka
Kobieta,38.0,Wyższe,6587.03,05:25,09:42,Zakupy
Mężczyzna,67.0,Podstawowe,10977.05,21:25,22:01,Edukacja
Mężczyzna,30.0,Wyższe,7210.26,16:23,02:35,Edukacja
Mężczyzna,59.0,Podstawowe,10430.1,21:51,23:29,Praca
Kobieta,68.0,Wyższe,12442.29,07:07,16:50,Zakupy
Mężczyzna,28.0,Wyższe,7881.04,14:48,14:21,Praca
Mężczyzna,36.0,Podstawowe,7485.43,18:25,18:56,Zakupy
Mężczyzna,46.0,Średnie,7755.83,21:26,03:14,Zakupy
Mężczyzna,,Średnie,14779.44,20:26,23:36,Rozrywka
Mężczyzna,33.0,Wyższe,11024.42,17:58,23:49,Inne
Kobieta,25.0,Średnie,5084.89,12:53,17:23,Inne
Kobieta,65.0,Wyższe,10009.51,09:12,14:54,Inne
Mężczyzna,56.0,Wyższe,10109.13,14:12,21:58,Edukacja
Kobieta,22.0,Podstawowe,11236.12,15:46,21:37,Inne
Mężczyzna,49.0,Wyższe,14027.2,27:55,11:20,Rozrywka
Kobieta,60.0,Podstawowe,12731.92,11:33,19:48,Praca
Kobieta,36.0,Wyższe,9909.52,15:28,22:54,Rozrywka
Kobieta,52.0,Średnie,4655.49,05:10,10:15,Inne
Mężczyzna,57.0,Wyższe,6526.25,17:49,04:48,Inne
Mężczyzna,36.0,Średnie,12290.36,15:38,02:14,Rozrywka
Mężczyzna,52.0,Podstawowe,9063.72,20:32,00:09,Rozrywka
Kobieta,53.0,Średnie,8087.56,16:08,22:38,Edukacja
Mężczyzna,33.0,Średnie,11536.25,13:26,23:06,Zakupy
Kobieta,39.0,Średnie,8376.83,14:40,14:01,Praca
Mężczyzna,51.0,Podstawowe,7192.26,11:10,21:58,Praca
Kobieta,38.0,Wyższe,14462.32,18:11,23:50,Zakupy
Kobieta,24.0,Wyższe,,20:14,20:28,Inne
Mężczyzna,25.0,Średnie,6262.84,15:05,21:46,Inne
Mężczyzna,24.0,Podstawowe,7090.83,06:12,15:15,Edukacja
Mężczyzna,33.0,Wyższe,10713.61,12:40,20:13,Rozrywka
Kobieta,37.0,Średnie,13533.64,20:35,03:05,Inne
Mężczyzna,37.0,Podstawowe,3525.47,06:40,16:38,Inne
Mężczyzna,56.0,Wyższe,9350.64,08:24,16:31,Rozrywka
Kobieta,70.0,Średnie,14596.46,07:14,08:32,Rozrywka
Mężczyzna,,Podstawowe,4809.17,05:10,13:28,Edukacja
Kobieta,69.0,Podstawowe,13114.35,15:25,01:35,Inne
Mężczyzna,21.0,Podstawowe,3044.17,19:17,01:21,Edukacja
,,,8895.33,,00:54,
Mężczyzna,51.0,Wyższe,10128.99,18:57,00:39,Edukacja
Kobieta,67.0,Średnie,3095.53,19:45,01:47,Inne
Mężczyzna,21.0,Podstawowe,3242.46,16:42,16:05,Rozrywka
Mężczyzna,52.0,Średnie,12993.88,08:05,10:42,Inne
Kobieta,25.0,Podstawowe,8278.28,22:53,09:09,Rozrywka
Kobieta,42.0,Średnie,4487.9,22:56,01:08,Inne
Mężczyzna,52.0,Podstawowe,6028.91,22:09,04:19,Rozrywka
Mężczyzna,54.0,Podstawowe,7934.87,08:54,09:39,Zakupy
Mężczyzna,39.0,Średnie,14249.22,09:27,09:46,Praca
Mężczyzna,46.0,Średnie,8003.83,10:49,21:03,Rozrywka
Mężczyzna,,Średnie,6373.28,05:57,05:17,Rozrywka
Mężczyzna,52.0,Średnie,3270.61,07:46,17:30,Praca
Mężczyzna,57.0,Wyższe,3948.68,07:08,15:13,Rozrywka
Kobieta,35.0,Podstawowe,11395.77,12:51,14:40,Inne
Kobieta,56.0,Średnie,11820.38,09:23,17:36,Zakupy
Kobieta,40.0,Podstawowe,3563.38,14:04,01:49,Zakupy
Mężczyzna,30.0,Średnie,12276.99,20:43,00:06,Edukacja
Mężczyzna,21.0,Wyższe,13393.85,21:34,05:10,Edukacja
Mężczyzna,64.0,Podstawowe,9710.97,14:25,18:21,Praca
Kobieta,67.0,Podstawowe,9382.17,20:48,00:21,Edukacja
Kobieta,52.0,Średnie,7978.67,20:20,00:34,Inne
Kobieta,38.0,Wyższe,7827.77,08:51,19:47,Praca
Kobieta,25.0,Średnie,10562.08,15:01,23:14,Praca
Mężczyzna,44.0,Podstawowe,13392.07,12:28,17:35,Zakupy
Mężczyzna,33.0,Średnie,12883.61,08:13,14:41,Zakupy
Kobieta,42.0,Wyższe,11780.25,13:06,13:41,Rozrywka
Kobieta,53.0,Średnie,3385.09,06:59,06:26,Rozrywka
Mężczyzna,54.0,Wyższe,7596.82,11:07,15:18,Praca
Kobieta,60.0,Wyższe,9919.38,06:00,12:28,Praca
Mężczyzna,37.0,Średnie,12397.75,16:23,19:07,Inne
Kobieta,40.0,Średnie,,23:58,07:38,Inne
Mężczyzna,54.0,Wyższe,9636.03,05:36,11:44,Rozrywka
Kobieta,24.0,Średnie,13003.25,19:22,04:05,Edukacja
Kobieta,39.0,Wyższe,9959.08,08:02,11:57,Inne
Mężczyzna,25.0,Średnie,13765.57,08:32,15:16,Praca
Kobieta,57.0,Podstawowe,7348.8,07:34,18:49,Zakupy
Kobieta,28.0,Podstawowe,3774.76,08:58,15:24,Edukacja
Kobieta,18.0,Podstawowe,12221.16,11:08,14:42,Rozrywka
Kobieta,67.0,Wyższe,12211.03,16:09,23:53,Zakupy
Mężczyzna,67.0,Średnie,3253.09,21:08,04:57,Rozrywka
Kobieta,46.0,Średnie,9101.56,06:13,13:19,Zakupy
Mężczyzna,51.0,Średnie,14609.55,20:38,23:32,Rozrywka
Kobieta,62.0,Podstawowe,3984.53,08:10,19:42,Inne
Mężczyzna,18.0,Średnie,3660.81,12:06,21:02,Inne
Mężczyzna,34.0,Podstawowe,5476.9,07:36,10:22,Rozrywka
Kobieta,51.0,Podstawowe,4771.86,13:07,17:18,Edukacja
Mężczyzna,34.0,Podstawowe,5341.57,16:20,18:37,Rozrywka
Mężczyzna,23.0,Podstawowe,14540.17,22:50,09:55,Praca
Mężczyzna,65.0,Wyższe,11978.43,,01:28,Rozrywka
Kobieta,60.0,Wyższe,3371.58,22:13,22:46,Praca
Mężczyzna,33.0,Średnie,13156.2,11:31,19:00,Inne
Mężczyzna,46.0,Podstawowe,7540.82,08:31,19:54,Rozrywka
Mężczyzna,38.0,Podstawowe,7709.26,21:01,,Zakupy
Kobieta,54.0,Wyższe,13565.63,17:09,21:06,Zakupy
Kobieta,36.0,Podstawowe,14813.41,21:15,03:22,Edukacja
Kobieta,32.0,Wyższe,12793.89,14:31,17:34,Zakupy
Mężczyzna,52.0,Wyższe,8479.26,20:21,20:29,Inne
Mężczyzna,42.0,Średnie,3651.57,19:07,02:10,Inne
Kobieta,60.0,Wyższe,12974.6,12:39,18:09,Zakupy
Kobieta,21.0,Średnie,5059.57,19:56,22:23,Zakupy
Mężczyzna,57.0,Wyższe,12663.51,11:00,15:18,Praca
Mężczyzna,18.0,Podstawowe,10829.83,07:04,12:44,Zakupy
Kobieta,37.0,Wyższe,10149.69,14:16,14:06,Praca
Mężczyzna,55.0,Średnie,7376.83,,03:02,Inne
Mężczyzna,69.0,Średnie,5786.65,06:51,06:17,Edukacja
Mężczyzna,54.0,Wyższe,13587.72,14:52,21:56,Zakupy
Kobieta,29.0,Podstawowe,4395.56,20:27,06:07,Praca
Kobieta,69.0,Średnie,4464.28,22:52,02:51,Edukacja
Kobieta,35.0,Podstawowe,3721.7,23:13,09:35,Inne
Mężczyzna,38.0,Średnie,14519.72,14:44,18:06,Edukacja
Kobieta,25.0,Średnie,14396.31,15:30,22:41,Zakupy
Kobieta,33.0,Podstawowe,7652.94,21:11,02:08,Zakupy
Kobieta,60.0,Wyższe,13221.62,07:36,11:20,Inne
Kobieta,25.0,Średnie,14742.11,08:47,16:03,Inne
Kobieta,54.0,Wyższe,5233.53,16:39,01:15,Praca
Mężczyzna,65.0,Podstawowe,11571.84,22:18,01:05,Zakupy
,65.0,Średnie,3287.0,14:25,19:11,Edukacja
Mężczyzna,57.0,Wyższe,10640.48,19:02,06:41,Zakupy
Mężczyzna,18.0,Podstawowe,8089.49,08:54,11:24,Zakupy
Mężczyzna,67.0,Wyższe,3539.36,23:00,07:21,Rozrywka
Kobieta,47.0,Wyższe,8282.9,23:57,09:24,Edukacja
Kobieta,30.0,Podstawowe,9832.77,13:47,13:15,Edukacja
Kobieta,58.0,Podstawowe,5646.57,16:06,03:50,Rozrywka
Mężczyzna,39.0,Podstawowe,10200.32,20:43,05:46,Inne
Mężczyzna,62.0,Podstawowe,7270.68,07:58,08:25,Edukacja
Kobieta,43.0,Wyższe,6045.65,11:48,12:24,Edukacja
Kobieta,24.0,Podstawowe,9499.69,13:04,19:05,Inne
Kobieta,61.0,Podstawowe,10591.25,09:33,13:57,Zakupy
Mężczyzna,54.0,Średnie,12627.98,20:50,06:59,Inne
Mężczyzna,43.0,Wyższe,7238.04,20:18,00:30,Zakupy
Kobieta,70.0,Wyższe,5699.1,19:27,06:30,Zakupy
Mężczyzna,53.0,Wyższe,12598.25,15:52,23:02,Inne
Mężczyzna,38.0,Średnie,11674.35,15:51,15:02,Inne
Mężczyzna,64.0,Średnie,3013.34,05:22,08:37,Inne
Mężczyzna,34.0,Średnie,11887.87,14:06,18:14,
Mężczyzna,53.0,Podstawowe,12548.03,16:21,23:36,Inne
Kobieta,70.0,Podstawowe,14487.03,12:02,16:56,Edukacja
Kobieta,18.0,Podstawowe,4611.24,08:08,12:04,Zakupy
Kobieta,64.0,Podstawowe,10731.94,14:28,14:10,Zakupy
Kobieta,39.0,Średnie,10492.39,08:18,11:12,Rozrywka
Kobieta,35.0,Wyższe,9193.01,20:06,07:10,Inne
Kobieta,64.0,Podstawowe,11715.76,26:33,04:19,Zakupy
Mężczyzna,45.0,Średnie,12521.76,11:53,20:04,Rozrywka
,50.0,,,18:12,,
Kobieta,49.0,Wyższe,4613.63,06:49,13:49,Rozrywka
Mężczyzna,33.0,Wyższe,3555.55,19:45,04:37,Praca
Kobieta,69.0,Wyższe,6479.63,16:41,22:44,Rozrywka
Kobieta,19.0,Wyższe,4076.84,15:14,22:15,Rozrywka
Kobieta,28.0,Wyższe,7652.06,15:30,21:21,Zakupy
Mężczyzna,45.0,Wyższe,7852.83,29:52,22:32,Zakupy
Kobieta,50.0,Podstawowe,5675.97,09:56,14:32,Edukacja
Mężczyzna,27.0,Wyższe,4866.83,07:25,15:22,Zakupy
Mężczyzna,26.0,Podstawowe,11149.75,10:40,18:54,Praca
Kobieta,34.0,Średnie,3427.58,18:55,21:34,Edukacja
Kobieta,32.0,Średnie,3625.13,10:55,14:12,Inne
Mężczyzna,63.0,Wyższe,5846.72,14:18,16:26,Praca
Mężczyzna,56.0,Średnie,5719.62,17:42,22:28,Inne
Kobieta,55.0,Podstawowe,7841.93,12:09,13:57,Rozrywka
Kobieta,28.0,Podstawowe,3581.63,12:22,15:34,Zakupy
Kobieta,50.0,Średnie,7506.89,13:03,13:40,Inne
Mężczyzna,42.0,Wyższe,14784.74,16:49,21:51,Rozrywka
Kobieta,36.0,Wyższe,3574.15,23:57,01:07,Edukacja
Mężczyzna,38.0,Podstawowe,8576.51,10:52,14:14,Inne
Kobieta,26.0,Podstawowe,5585.31,23:48,03:11,Praca
Mężczyzna,35.0,Wyższe,8649.67,15:09,20:11,Inne
Kobieta,42.0,Wyższe,3146.07,12:24,15:39,Praca
Kobieta,70.0,Średnie,4620.47,17:02,04:47,Inne
Kobieta,49.0,Podstawowe,8893.61,11:00,20:23,Praca
Mężczyzna,28.0,Podstawowe,9282.05,15:10,01:30,Inne
Kobieta,58.0,Podstawowe,9129.52,16:10,21:57,Inne
Kobieta,69.0,Wyższe,11731.26,22:13,09:49,Rozrywka
Kobieta,22.0,Wyższe,10753.51,16:53,00:44,Edukacja
Kobieta,29.0,Podstawowe,10435.37,09:12,12:14,Edukacja
Mężczyzna,69.0,Podstawowe,7221.4,23:10,04:58,Edukacja
Kobieta,56.0,Średnie,12101.32,16:12,20:07,Zakupy
Mężczyzna,47.0,Wyższe,13120.26,17:22,21:33,Edukacja
Mężczyzna,36.0,Wyższe,8110.3,07:30,07:38,Praca
Kobieta,49.0,Wyższe,6100.42,20:20,09:59,Inne
Kobieta,38.0,Podstawowe,7591.93,05:36,13:23,Inne
Mężczyzna,36.0,Wyższe,11208.33,05:04,14:23,Praca
Kobieta,30.0,Wyższe,4234.89,08:17,18:13,Zakupy
Mężczyzna,25.0,Podstawowe,10065.04,08:22,10:53,Inne
Kobieta,26.0,Wyższe,11176.95,18:43,20:13,Inne
Mężczyzna,52.0,Podstawowe,3010.52,05:59,09:13,Praca
Mężczyzna,63.0,Średnie,5743.08,11:47,16:33,Praca
Mężczyzna,,Podstawowe,7108.76,09:11,15:20,Rozrywka
Mężczyzna,52.0,Podstawowe,11240.83,12:17,21:06,Rozrywka
Mężczyzna,26.0,Średnie,11842.42,18:29,07:38,Zakupy
Kobieta,33.0,Wyższe,6165.71,20:29,00:43,Zakupy
Mężczyzna,66.0,Średnie,12364.58,07:39,10:00,Rozrywka
Kobieta,42.0,Średnie,7066.41,15:06,16:37,Praca
Kobieta,48.0,Podstawowe,14363.77,14:30,16:59,Praca
Kobieta,42.0,Podstawowe,3494.86,13:57,21:07,Zakupy
Mężczyzna,32.0,Podstawowe,10630.67,12:18,21:42,Zakupy
Kobieta,24.0,Podstawowe,8447.52,12:07,12:52,Inne
Mężczyzna,32.0,Wyższe,6829.31,23:31,23:52,Praca
,,Wyższe,,,,Rozrywka
Kobieta,51.0,Wyższe,10963.29,13:17,19:31,Inne
Kobieta,54.0,Podstawowe,4091.16,23:53,08:15,Edukacja
Mężczyzna,20.0,Średnie,10714.81,16:53,22:22,Praca
Mężczyzna,30.0,Wyższe,7984.76,21:27,04:25,Edukacja
Mężczyzna,45.0,Wyższe,10794.23,10:46,12:43,Zakupy
Mężczyzna,34.0,Podstawowe,5128.68,,05:45,Edukacja
Kobieta,29.0,Wyższe,13744.01,20:42,04:34,Inne
,,Średnie,4783.23,,,
Mężczyzna,40.0,Podstawowe,9433.66,17:22,21:54,Edukacja
Kobieta,32.0,Podstawowe,14276.57,,17:57,Praca
Mężczyzna,38.0,Podstawowe,12371.82,19:51,23:17,Edukacja
Kobieta,57.0,Średnie,9406.67,21:08,07:49,Praca
Mężczyzna,66.0,Podstawowe,4044.6,17:57,06:08,Zakupy
Kobieta,28.0,Podstawowe,4778.71,23:36,03:20,Inne
Mężczyzna,56.0,Średnie,3011.83,07:30,09:50,Zakupy
Mężczyzna,53.0,Średnie,7672.62,11:02,17:56,Edukacja
Kobieta,19.0,Podstawowe,14045.84,19:35,05:52,Rozrywka
Kobieta,20.0,Średnie,6904.71,09:11,12:27,Rozrywka
Kobieta,46.0,Średnie,11855.44,14:12,21:29,Edukacja
Kobieta,54.0,Wyższe,14117.48,21:02,22:21,Rozrywka
Mężczyzna,51.0,Podstawowe,,17:04,18:00,Edukacja
Mężczyzna,44.0,Wyższe,10361.12,11:37,20:30,Edukacja
Kobieta,57.0,Podstawowe,9452.23,07:46,15:20,Rozrywka
Mężczyzna,33.0,Wyższe,14567.37,20:50,22:56,Edukacja
Mężczyzna,23.0,Wyższe,5580.17,05:37,06:37,Praca
Kobieta,27.0,Średnie,9794.81,11:23,20:50,Edukacja
Kobieta,45.0,Wyższe,11553.63,05:56,06:43,Praca
Kobieta,67.0,Podstawowe,3015.99,09:51,09:38,Zakupy
Mężczyzna,58.0,Wyższe,12379.48,12:12,15:18,Zakupy
Mężczyzna,37.0,Podstawowe,4645.07,14:32,19:35,Edukacja
Mężczyzna,58.0,Podstawowe,3268.36,08:40,08:51,Praca
Kobieta,44.0,Podstawowe,12618.57,07:04,08:05,Praca
Mężczyzna,67.0,Średnie,6874.11,14:29,19:19,Praca
Kobieta,64.0,Podstawowe,14234.26,06:14,10:44,Inne
Mężczyzna,65.0,Podstawowe,14568.89,05:46,11:01,Zakupy
Kobieta,55.0,Podstawowe,14663.85,12:52,20:00,Edukacja
Kobieta,63.0,Podstawowe,7847.41,22:47,09:45,Inne
Mężczyzna,21.0,Podstawowe,12472.01,23:06,09:15,Rozrywka
Mężczyzna,20.0,Podstawowe,6298.99,16:06,19:17,Zakupy
Mężczyzna,64.0,Wyższe,14847.64,14:56,16:10,Rozrywka
Kobieta,63.0,Podstawowe,9467.32,15:10,19:29,Inne
Kobieta,40.0,Podstawowe,4075.07,16:57,16:35,Praca
Kobieta,51.0,Podstawowe,4403.7,19:31,20:06,Zakupy
Kobieta,65.0,Wyższe,9543.02,09:39,16:04,Edukacja
Kobieta,39.0,Średnie,10984.7,10:38,17:39,Praca
Kobieta,34.0,Podstawowe,12487.28,18:43,03:03,Inne
Kobieta,65.0,Podstawowe,12054.09,08:32,19:40,Zakupy
Mężczyzna,44.0,Wyższe,11656.33,22:28,07:47,Zakupy
Kobieta,30.0,Wyższe,13149.76,08:41,12:00,Praca
Mężczyzna,56.0,Podstawowe,9489.29,10:52,14:20,Rozrywka
Mężczyzna,20.0,Średnie,4552.39,08:48,12:50,Rozrywka
Kobieta,24.0,Wyższe,6059.01,21:36,02:51,Inne
Mężczyzna,20.0,Wyższe,5759.75,14:46,14:26,Inne
Mężczyzna,50.0,Podstawowe,7240.85,15:50,17:15,Inne
Kobieta,39.0,Wyższe,5756.39,14:05,17:59,Inne
Mężczyzna,44.0,Średnie,10364.36,22:25,00:38,Praca
Mężczyzna,46.0,Średnie,4867.71,15:51,23:58,Praca
Mężczyzna,29.0,Podstawowe,7597.49,08:19,12:31,Rozrywka
Kobieta,59.0,Średnie,5614.66,08:49,11:23,Praca
Mężczyzna,46.0,Wyższe,7331.82,17:52,19:52,Praca
Kobieta,68.0,Wyższe,7112.77,09:05,14:35,Inne
Kobieta,48.0,Średnie,7650.05,10:06,20:14,Inne
Mężczyzna,25.0,Średnie,6825.06,18:26,22:49,Praca
Kobieta,68.0,Podstawowe,7546.57,09:59,15:08,Edukacja
Mężczyzna,40.0,Wyższe,14040.55,16:20,23:25,Edukacja
Kobieta,62.0,Średnie,6296.05,14:38,01:24,Rozrywka
Mężczyzna,60.0,Wyższe,8066.87,15:35,19:16,Zakupy
Kobieta,32.0,Średnie,12727.55,16:51,23:57,Rozrywka
,59.0,Podstawowe,,,,
Kobieta,41.0,Podstawowe,9806.84,05:01,05:22,Inne
Mężczyzna,28.0,Średnie,8652.3,14:38,00:10,Edukacja
Kobieta,40.0,Podstawowe,7200.05,05:59,10:14,Rozrywka
Kobieta,27.0,Podstawowe,12341.1,05:49,06:12,Zakupy
Mężczyzna,26.0,Wyższe,13035.91,16:09,01:10,Inne
Mężczyzna,24.0,Podstawowe,12408.71,23:58,02:18,Inne
Kobieta,64.0,Wyższe,6303.59,09:35,11:01,Zakupy
Kobieta,18.0,Wyższe,13190.82,05:00,09:24,Edukacja
Kobieta,32.0,Podstawowe,9921.71,21:26,21:22,Zakupy
Mężczyzna,48.0,Średnie,6196.34,05:58,06:16,Edukacja
Kobieta,62.0,Wyższe,12325.55,21:30,04:20,Praca
Mężczyzna,57.0,Średnie,8775.11,15:52,00:17,Rozrywka
Kobieta,31.0,Podstawowe,7136.27,17:04,00:56,Zakupy
Kobieta,46.0,Wyższe,6563.75,18:20,,Inne
Mężczyzna,39.0,Wyższe,4591.98,14:44,18:50,Inne
Kobieta,38.0,Wyższe,5379.95,15:44,15:32,Edukacja
Kobieta,59.0,Wyższe,9992.82,20:19,21:24,Inne
Mężczyzna,28.0,Wyższe,9273.11,18:10,18:40,Inne
Mężczyzna,21.0,Średnie,11006.41,20:36,03:58,Inne
Kobieta,28.0,Podstawowe,10476.6,21:06,21:27,Rozrywka
Mężczyzna,20.0,Wyższe,5376.49,11:14,12:16,Zakupy
Mężczyzna,21.0,Średnie,7955.38,13:22,13:20,Rozrywka
Kobieta,24.0,Średnie,7667.48,18:27,21:01,Zakupy
Kobieta,47.0,Średnie,6638.66,20:52,02:12,Rozrywka
Kobieta,40.0,Podstawowe,11255.03,14:54,19:20,Rozrywka
Mężczyzna,37.0,Wyższe,12903.74,07:54,14:44,Edukacja
Kobieta,43.0,Wyższe,13724.22,05:55,11:09,Zakupy
Kobieta,31.0,Wyższe,4044.27,12:08,18:54,Inne
Kobieta,64.0,Średnie,4386.66,14:48,17:51,Rozrywka
Kobieta,60.0,Średnie,10210.87,12:33,23:42,Rozrywka
Kobieta,50.0,Średnie,8458.04,05:40,15:58,Inne
Mężczyzna,47.0,Średnie,11134.05,18:07,01:46,Praca
Kobieta,22.0,Podstawowe,14665.58,06:25,16:11,Edukacja
Kobieta,68.0,Średnie,11865.85,14:06,22:14,Praca
Mężczyzna,51.0,Średnie,12501.51,18:57,02:32,Zakupy
Mężczyzna,56.0,Średnie,12304.19,12:33,22:58,Zakupy
Mężczyzna,61.0,Wyższe,3803.67,20:25,06:05,Inne
Kobieta,58.0,Podstawowe,9238.46,05:53,07:34,Edukacja
Mężczyzna,55.0,Wyższe,3197.59,05:54,10:13,Praca
Kobieta,35.0,Wyższe,14947.39,13:58,21:53,Edukacja
Mężczyzna,39.0,Wyższe,14416.13,17:19,23:57,Zakupy
,,,,14:38,,Edukacja
Mężczyzna,20.0,Średnie,10092.28,19:06,05:33,Inne
Kobieta,55.0,Podstawowe,9440.72,13:44,19:15,Edukacja
Kobieta,53.0,Średnie,10402.36,17:25,01:57,Zakupy
Kobieta,45.0,Podstawowe,6112.83,07:59,11:37,Inne
Mężczyzna,28.0,Średnie,8060.37,17:54,00:15,Inne
Mężczyzna,37.0,Podstawowe,6766.43,11:18,14:14,Rozrywka
Kobieta,24.0,Średnie,9838.2,16:14,20:55,Praca
Mężczyzna,39.0,Wyższe,13252.73,21:39,08:06,Edukacja
Kobieta,52.0,Wyższe,7988.15,19:59,20:52,Zakupy
Kobieta,53.0,Średnie,8529.82,21:57,01:05,Praca
Kobieta,50.0,Podstawowe,8257.44,23:52,04:40,Zakupy
Mężczyzna,41.0,Średnie,4101.45,07:13,16:57,Inne
Kobieta,20.0,Podstawowe,7834.55,12:53,15:57,Edukacja
Kobieta,36.0,Wyższe,11827.49,14:22,22:39,Inne
Kobieta,37.0,Średnie,12950.44,15:56,16:24,Inne
Mężczyzna,64.0,Wyższe,13564.63,16:48,03:30,Zakupy
Mężczyzna,24.0,Podstawowe,13144.15,12:18,15:32,Edukacja
Kobieta,70.0,Średnie,8092.69,15:48,20:38,Inne
Kobieta,52.0,Podstawowe,11513.97,13:09,00:10,Edukacja
Kobieta,,Wyższe,8708.87,06:35,13:32,Rozrywka
Mężczyzna,39.0,Wyższe,4435.12,21:21,03:56,Rozrywka
Mężczyzna,25.0,Wyższe,12481.59,20:03,06:10,Zakupy
Mężczyzna,,Podstawowe,9561.71,23:17,10:42,Edukacja
Mężczyzna,51.0,Wyższe,8954.33,15:54,19:50,Inne
Kobieta,57.0,Podstawowe,5190.96,22:51,09:55,Inne
Mężczyzna,40.0,Średnie,14023.28,17:42,22:18,Praca
Kobieta,46.0,Podstawowe,4104.96,21:45,01:52,Zakupy
Mężczyzna,29.0,Średnie,4971.08,13:20,21:36,Rozrywka
Mężczyzna,31.0,Wyższe,8508.17,18:26,18:35,Inne
Kobieta,54.0,Średnie,14540.81,12:52,19:41,Edukacja
Mężczyzna,45.0,Średnie,4505.06,07:02,11:31,Praca
Kobieta,23.0,Średnie,6756.64,08:41,19:17,Zakupy
Kobieta,61.0,Wyższe,14009.56,11:38,12:13,Edukacja
Kobieta,28.0,Wyższe,6128.78,23:18,01:12,Praca
Mężczyzna,47.0,Średnie,3131.07,12:12,22:52,Zakupy
Kobieta,32.0,Wyższe,5225.81,05:26,14:25,Zakupy
Mężczyzna,60.0,Średnie,4745.64,16:15,20:13,Rozrywka
Mężczyzna,25.0,Średnie,6163.16,20:28,20:21,Zakupy
Kobieta,61.0,Średnie,14393.11,23:44,06:00,Rozrywka
Mężczyzna,57.0,Średnie,14367.21,16:01,00:02,Zakupy
Kobieta,24.0,Wyższe,8308.42,19:37,00:32,Inne
Mężczyzna,40.0,Średnie,5575.57,21:13,22:44,Praca
Kobieta,48.0,Podstawowe,8747.53,16:27,01:06,Rozrywka
Mężczyzna,30.0,Podstawowe,5612.94,10:55,14:24,Inne
Mężczyzna,67.0,Podstawowe,9707.69,11:29,17:47,Zakupy
Kobieta,70.0,Średnie,6005.48,19:46,19:10,Inne
,26.0,Podstawowe,10362.64,06:24,14:26,
Kobieta,54.0,Średnie,14594.52,14:14,19:37,Rozrywka
Mężczyzna,28.0,Podstawowe,5252.6,22:33,09:05,Praca
Kobieta,27.0,Średnie,14446.84,22:02,06:37,Edukacja
Mężczyzna,62.0,Średnie,13952.79,17:43,02:37,Zakupy
Kobieta,46.0,Średnie,14388.72,12:49,21:08,Zakupy
Mężczyzna,36.0,Średnie,4645.33,,04:46,Praca
Mężczyzna,28.0,Podstawowe,14157.29,15:42,15:22,Zakupy
Kobieta,57.0,Podstawowe,8793.48,08:40,10:45,Rozrywka
Kobieta,44.0,Wyższe,10912.14,11:47,19:18,Zakupy
Mężczyzna,42.0,Średnie,10325.62,07:32,18:08,Praca
Mężczyzna,27.0,Wyższe,11000.57,09:10,15:12,Praca
Mężczyzna,49.0,Podstawowe,4861.03,09:50,11:43,Edukacja
Mężczyzna,33.0,Wyższe,11911.82,21:07,06:01,Zakupy
Mężczyzna,67.0,Wyższe,5240.53,23:46,04:58,Rozrywka
Mężczyzna,29.0,Średnie,8372.95,10:51,19:53,Inne
Mężczyzna,64.0,Wyższe,7166.3,22:23,08:54,Praca
Mężczyzna,25.0,Wyższe,9733.48,20:33,06:06,Inne
Kobieta,64.0,Średnie,7142.62,12:52,12:01,Rozrywka
Kobieta,39.0,Wyższe,11585.93,22:17,00:59,Edukacja
Mężczyzna,34.0,Wyższe,9512.65,12:58,16:40,Edukacja
Kobieta,38.0,Podstawowe,13684.27,22:03,03:46,Praca
Mężczyzna,45.0,Wyższe,3503.18,08:41,15:00,Rozrywka
Mężczyzna,36.0,Podstawowe,14602.57,08:55,19:08,Rozrywka
Kobieta,47.0,Średnie,10532.1,07:59,,Rozrywka
Kobieta,29.0,Średnie,9773.24,16:18,01:59,Inne
Kobieta,49.0,Średnie,5302.13,15:31,20:55,Inne
,,,5901.27,05:38,,
Kobieta,69.0,Średnie,3754.66,20:21,05:33,Praca
Mężczyzna,50.0,Wyższe,11843.92,06:59,15:12,Zakupy
Mężczyzna,67.0,Podstawowe,13975.71,13:08,17:36,Inne
Kobieta,51.0,Wyższe,6276.07,08:27,15:09,Inne
Kobieta,49.0,Wyższe,7572.75,19:04,19:35,Edukacja
Kobieta,63.0,Podstawowe,8086.47,09:00,14:16,Rozrywka
Mężczyzna,69.0,Podstawowe,4737.67,06:47,17:47,Zakupy
Mężczyzna,60.0,Podstawowe,5317.39,17:17,01:12,Edukacja
Kobieta,21.0,Podstawowe,9162.68,22:11,22:42,Inne
Mężczyzna,23.0,Średnie,14196.59,13:06,21:29,Praca
Mężczyzna,69.0,Średnie,5411.15,06:14,09:21,Rozrywka
Kobieta,52.0,Średnie,11486.36,13:13,18:15,Inne
Mężczyzna,61.0,Podstawowe,5281.49,06:52,09:07,Edukacja
Kobieta,57.0,Średnie,3947.85,15:51,01:32,Inne
Mężczyzna,48.0,Wyższe,7636.32,14:01,19:17,Praca
Kobieta,45.0,Wyższe,12386.74,11:54,12:50,Edukacja
Mężczyzna,27.0,Średnie,8522.8,19:18,02:41,Edukacja
,,,,12:57,17:58,
Mężczyzna,22.0,Podstawowe,6787.48,22:17,09:30,Edukacja
Mężczyzna,54.0,Średnie,9481.46,08:21,11:00,Edukacja
Mężczyzna,48.0,Średnie,14667.66,11:02,13:05,Rozrywka
Mężczyzna,18.0,Średnie,13979.26,18:39,20:08,Inne
Kobieta,40.0,Średnie,13367.69,05:00,18:58,Inne
Mężczyzna,24.0,Podstawowe,7403.01,21:14,02:22,Inne
Kobieta,46.0,Średnie,14020.96,18:24,02:27,Zakupy
Kobieta,56.0,Wyższe,14931.04,10:35,20:38,Inne
Kobieta,56.0,Wyższe,6529.0,08:40,15:25,Edukacja
Kobieta,46.0,Wyższe,13466.73,19:54,22:36,Zakupy
Mężczyzna,43.0,Średnie,3399.08,20:37,02:21,Inne
Mężczyzna,63.0,Podstawowe,3372.45,21:16,21:47,Praca
Kobieta,49.0,Podstawowe,11615.89,19:38,19:18,Edukacja
Mężczyzna,56.0,Średnie,9984.11,05:55,06:47,Rozrywka
Kobieta,18.0,Podstawowe,12942.84,20:29,21:22,Edukacja
Mężczyzna,48.0,Podstawowe,6797.44,18:23,19:27,Edukacja
Mężczyzna,40.0,Podstawowe,4010.34,21:42,21:09,Rozrywka
Mężczyzna,18.0,Podstawowe,9077.05,06:48,07:11,Praca
Mężczyzna,25.0,Podstawowe,7152.23,05:20,06:00,Inne
Kobieta,59.0,Średnie,11791.54,10:11,21:42,Edukacja
Mężczyzna,30.0,Podstawowe,7230.89,08:19,08:30,Zakupy
,28.0,Średnie,5910.06,21:10,08:33,Praca
Kobieta,58.0,Wyższe,4786.69,21:46,06:27,Praca
Kobieta,69.0,Średnie,8830.06,10:38,12:29,Zakupy
Kobieta,44.0,Średnie,12979.67,10:27,19:45,Edukacja
Mężczyzna,20.0,Średnie,7860.9,20:10,21:56,Zakupy
Kobieta,62.0,Podstawowe,9718.92,09:42,20:56,Zakupy
Kobieta,27.0,Średnie,6924.99,06:33,11:48,Edukacja
Kobieta,53.0,Podstawowe,5999.91,11:26,11:00,Inne
Mężczyzna,37.0,Podstawowe,10312.06,14:45,20:11,Zakupy
Mężczyzna,39.0,Podstawowe,9608.28,10:40,12:43,Edukacja
Mężczyzna,32.0,Wyższe,13737.88,05:53,16:09,Edukacja
Mężczyzna,63.0,Podstawowe,5308.25,15:01,23:11,Inne
Kobieta,31.0,Podstawowe,13559.28,10:34,14:58,Inne
Kobieta,59.0,Średnie,4677.58,11:04,14:11,Zakupy
Mężczyzna,70.0,Średnie,14979.31,20:50,04:33,Rozrywka
Mężczyzna,,,,09:38,,
Kobieta,,Wyższe,11743.35,30:31,11:34,Zakupy
Kobieta,25.0,Wyższe,13831.45,08:08,08:33,Praca
Kobieta,61.0,Wyższe,9126.3,19:41,06:06,Rozrywka
Mężczyzna,47.0,Średnie,7543.76,10:41,15:51,Edukacja
Kobieta,38.0,Podstawowe,9401.97,05:03,08:49,Rozrywka
Mężczyzna,39.0,Podstawowe,7548.98,13:20,00:19,Inne
Kobieta,68.0,Podstawowe,12719.27,07:42,08:13,Praca
Mężczyzna,66.0,Średnie,12691.37,12:06,17:52,Rozrywka
Kobieta,23.0,Podstawowe,13586.75,05:24,14:02,Praca
Kobieta,18.0,Wyższe,12324.6,15:46,21:49,Zakupy
Kobieta,30.0,Średnie,14500.44,13:21,16:01,Inne
Kobieta,68.0,Wyższe,5411.73,14:20,14:02,Inne
Kobieta,21.0,Średnie,6257.1,14:51,17:42,Rozrywka
Kobieta,18.0,Wyższe,12786.43,09:11,09:38,Praca
Kobieta,60.0,Podstawowe,14786.52,22:27,23:05,Edukacja
Mężczyzna,42.0,Podstawowe,11407.03,05:03,08:47,Praca
Kobieta,34.0,Wyższe,3139.52,21:35,03:09,Rozrywka
Kobieta,66.0,Podstawowe,8020.17,16:57,23:17,Inne
Kobieta,39.0,Podstawowe,12565.09,17:50,02:15,Inne
Kobieta,67.0,Wyższe,10909.96,14:32,17:21,Edukacja
Mężczyzna,34.0,Wyższe,8703.24,08:16,12:54,Rozrywka
Mężczyzna,22.0,Podstawowe,9952.63,07:40,11:49,Zakupy
Kobieta,25.0,Wyższe,8810.67,22:51,22:11,Edukacja
Kobieta,61.0,Podstawowe,14088.59,21:34,08:54,Praca
Kobieta,35.0,Wyższe,4678.58,16:54,19:49,Praca
Kobieta,19.0,Podstawowe,10298.58,08:07,17:24,Inne
Kobieta,55.0,Wyższe,13642.12,13:28,22:33,Rozrywka
Mężczyzna,23.0,Wyższe,7091.18,06:38,08:29,Edukacja
Kobieta,,,,,01:15,
Kobieta,51.0,Podstawowe,14046.08,19:41,04:22,Inne
Kobieta,40.0,Wyższe,10667.6,22:16,22:56,Inne
Mężczyzna,25.0,Wyższe,9208.82,08:42,18:28,Praca
Mężczyzna,39.0,Wyższe,13973.59,22:56,01:59,Edukacja
Mężczyzna,39.0,Wyższe,9986.46,18:38,20:30,Edukacja
Kobieta,27.0,Wyższe,8211.39,21:16,23:27,Zakupy
Kobieta,54.0,Wyższe,5119.1,13:59,20:11,
Mężczyzna,22.0,Średnie,3925.46,17:50,20:30,Inne
Mężczyzna,68.0,Średnie,13968.65,,20:58,Zakupy
Kobieta,29.0,Podstawowe,5934.96,13:22,22:58,Praca
,66.0,Wyższe,6771.08,14:19,14:29,Zakupy
Mężczyzna,34.0,Wyższe,14498.98,14:04,20:32,Zakupy
Kobieta,18.0,Wyższe,10449.13,19:41,00:02,Praca
Kobieta,40.0,Średnie,8677.93,19:11,03:03,Praca
Mężczyzna,34.0,Wyższe,9961.98,08:16,08:27,Praca
Kobieta,47.0,Podstawowe,11373.86,15:30,17:50,Rozrywka
Mężczyzna,55.0,Średnie,8333.44,15:24,20:55,Zakupy
Mężczyzna,20.0,Średnie,6712.19,23:59,07:29,Inne
Mężczyzna,33.0,Średnie,13719.15,11:59,21:58,Inne
Mężczyzna,28.0,Wyższe,10230.27,19:52,00:24,Edukacja
Mężczyzna,39.0,Podstawowe,10949.23,21:41,00:31,Praca
Kobieta,52.0,Średnie,12410.08,09:15,15:31,Edukacja
Kobieta,60.0,Podstawowe,6888.87,22:44,08:19,Praca
Kobieta,64.0,Średnie,11636.65,10:27,12:33,Edukacja
Kobieta,69.0,Podstawowe,10781.13,16:07,22:02,
Kobieta,29.0,Wyższe,13504.89,12:54,21:29,Zakupy
Mężczyzna,23.0,Wyższe,4286.88,21:51,23:46,Rozrywka
Kobieta,22.0,Wyższe,14969.97,05:57,10:59,Edukacja
Mężczyzna,51.0,Wyższe,5129.77,08:27,09:26,Praca
Mężczyzna,56.0,Podstawowe,3698.49,22:53,01:33,Rozrywka
Mężczyzna,46.0,Wyższe,12405.87,09:20,19:22,Edukacja
Mężczyzna,35.0,Podstawowe,7301.61,22:44,04:28,Praca
Kobieta,54.0,Wyższe,4861.24,09:39,13:49,Rozrywka
Mężczyzna,58.0,Podstawowe,5791.12,08:11,13:09,Rozrywka
Mężczyzna,47.0,Podstawowe,9850.72,20:46,04:10,Zakupy
Kobieta,37.0,Średnie,12966.99,11:53,11:38,Zakupy
Mężczyzna,58.0,Średnie,4574.45,13:10,22:05,Rozrywka
Mężczyzna,64.0,Podstawowe,4552.96,20:49,00:29,Edukacja
Mężczyzna,58.0,Podstawowe,13923.06,13:29,23:54,Edukacja
Mężczyzna,27.0,Średnie,9638.25,16:08,22:45,Edukacja
Kobieta,37.0,Średnie,3494.16,16:03,19:49,Edukacja
Kobieta,,Wyższe,9317.98,23:30,05:52,Praca
Kobieta,27.0,Podstawowe,6488.43,17:14,17:32,Inne
Mężczyzna,35.0,Podstawowe,4072.67,05:05,06:52,Inne
Mężczyzna,38.0,Podstawowe,8519.84,15:57,21:58,Edukacja
Mężczyzna,46.0,Podstawowe,9857.5,19:26,01:26,Rozrywka
Mężczyzna,40.0,Średnie,10200.19,08:38,13:11,Rozrywka
Kobieta,62.0,Wyższe,8801.65,05:37,08:03,Edukacja
Kobieta,54.0,Wyższe,3565.59,13:36,19:55,Zakupy
Mężczyzna,19.0,Wyższe,13929.45,09:05,18:16,Praca
Mężczyzna,35.0,Średnie,10085.37,20:56,07:29,Rozrywka
Mężczyzna,55.0,Podstawowe,8832.68,09:09,09:35,Praca
Mężczyzna,24.0,Wyższe,4352.85,22:29,03:25,Rozrywka
Mężczyzna,19.0,Podstawowe,6461.61,15:22,18:36,Edukacja
Kobieta,37.0,Podstawowe,10047.16,14:35,21:25,Edukacja
Kobieta,47.0,Wyższe,6204.67,11:39,12:25,Edukacja
Kobieta,56.0,Wyższe,8126.13,14:50,16:46,Rozrywka
Mężczyzna,54.0,Wyższe,5958.49,18:57,21:57,Praca
Mężczyzna,57.0,Podstawowe,13475.04,16:01,23:25,Zakupy
Kobieta,43.0,Podstawowe,9187.31,20:02,02:41,
Mężczyzna,59.0,Podstawowe,5706.86,08:39,10:48,Praca
Kobieta,34.0,Podstawowe,4023.83,30:47,08:23,Inne
Mężczyzna,27.0,Wyższe,8485.69,05:46,09:10,Rozrywka
Mężczyzna,62.0,Wyższe,5027.91,23:17,06:54,Zakupy
Mężczyzna,61.0,Średnie,10195.47,08:05,19:23,Edukacja
Kobieta,48.0,Średnie,4566.79,23:31,01:04,Praca
Mężczyzna,70.0,Wyższe,11754.38,23:56,02:23,Zakupy
Kobieta,33.0,Podstawowe,13912.55,18:15,18:49,Inne
Kobieta,22.0,Średnie,5092.2,09:14,14:29,Edukacja
Mężczyzna,63.0,Średnie,13569.29,30:45,09:02,Inne
Kobieta,52.0,Średnie,7394.61,11:32,11:03,Rozrywka
Kobieta,35.0,Podstawowe,11844.14,14:13,20:08,Edukacja
Mężczyzna,26.0,Podstawowe,5145.51,05:13,16:00,Edukacja
Mężczyzna,62.0,Wyższe,7640.61,10:14,17:00,Praca
Kobieta,59.0,Wyższe,9270.28,17:37,03:24,Praca
Mężczyzna,49.0,Wyższe,9588.17,18:01,22:32,Inne
Kobieta,46.0,Podstawowe,6785.79,21:02,02:53,Praca
Mężczyzna,61.0,Wyższe,9191.45,22:39,04:37,Edukacja
Kobieta,33.0,Podstawowe,4679.15,13:21,20:55,Edukacja
Mężczyzna,53.0,Średnie,5161.56,23:37,10:04,Praca
Mężczyzna,54.0,Średnie,4771.55,08:40,11:08,Inne
Mężczyzna,58.0,Wyższe,5833.97,09:45,10:15,Rozrywka
Mężczyzna,66.0,Wyższe,13443.94,23:57,08:05,Praca
Mężczyzna,65.0,Podstawowe,7315.26,20:19,01:22,Praca
Mężczyzna,70.0,Wyższe,13507.52,22:03,00:11,Praca
Kobieta,47.0,Wyższe,14792.99,17:40,18:13,Edukacja
Kobieta,33.0,Wyższe,5384.13,21:55,07:27,Edukacja
Kobieta,59.0,Średnie,5900.05,23:19,00:49,Rozrywka
Kobieta,34.0,Średnie,12488.22,09:18,15:48,Inne
Mężczyzna,45.0,Wyższe,4318.2,05:48,10:56,Praca
Kobieta,21.0,Średnie,10455.81,,03:17,Edukacja
Mężczyzna,54.0,Średnie,5879.2,17:39,21:05,Zakupy
Kobieta,41.0,Średnie,3727.92,11:05,18:51,Inne
Kobieta,51.0,Średnie,8188.1,11:09,13:23,Praca
Kobieta,53.0,Średnie,8401.98,05:52,07:22,Inne
Mężczyzna,31.0,Podstawowe,9349.24,21:48,10:07,Rozrywka
Mężczyzna,65.0,Średnie,7566.1,09:48,14:55,Rozrywka
Mężczyzna,51.0,Średnie,10532.02,16:58,03:27,Inne
Mężczyzna,55.0,Średnie,3802.82,05:00,09:12,Rozrywka
Kobieta,26.0,Podstawowe,9503.74,12:39,14:44,Rozrywka
Kobieta,34.0,Średnie,7540.78,15:55,16:39,Rozrywka
Mężczyzna,25.0,Wyższe,9727.69,27:34,21:09,Inne
Mężczyzna,47.0,Wyższe,7567.25,09:36,10:41,Edukacja
Kobieta,28.0,Podstawowe,14395.81,17:40,03:10,Praca
Mężczyzna,21.0,Wyższe,8403.87,17:34,21:01,Praca
Mężczyzna,56.0,Wyższe,12936.12,14:46,01:57,Inne
Mężczyzna,68.0,Podstawowe,6271.1,17:13,01:14,Rozrywka
Kobieta,31.0,Wyższe,9635.83,21:23,06:55,Zakupy
Mężczyzna,67.0,Wyższe,9325.94,20:04,05:50,Rozrywka
Kobieta,46.0,Podstawowe,10341.44,08:13,10:11,Inne
Kobieta,30.0,Wyższe,6742.86,07:42,11:48,Inne
Kobieta,38.0,Wyższe,11436.91,12:00,13:46,Edukacja
Kobieta,53.0,Średnie,14861.3,22:03,05:40,Zakupy
Kobieta,23.0,Podstawowe,5672.37,13:48,13:47,
Kobieta,45.0,Średnie,9699.72,09:37,17:26,Inne
Kobieta,21.0,Podstawowe,6021.97,22:26,05:23,Zakupy
Kobieta,63.0,Średnie,11040.75,15:43,00:27,Zakupy
Kobieta,26.0,Średnie,6224.86,14:11,17:49,Edukacja
,29.0,,,,22:46,
,61.0,Podstawowe,6489.89,18:56,04:37,Edukacja
Kobieta,50.0,Podstawowe,10676.0,21:32,05:40,Inne
Mężczyzna,62.0,Wyższe,12533.86,16:10,22:37,Praca
Mężczyzna,46.0,Wyższe,4268.09,20:33,02:03,Inne
Mężczyzna,58.0,Wyższe,3839.61,05:13,09:10,Zakupy
Kobieta,55.0,Średnie,3377.4,06:05,11:48,Praca
Mężczyzna,49.0,Podstawowe,11169.36,09:01,16:43,Edukacja
Kobieta,,Wyższe,4636.18,22:49,08:18,Rozrywka
Kobieta,69.0,Średnie,4051.51,20:45,02:12,Praca
Kobieta,69.0,Wyższe,11479.94,05:57,15:23,Inne
Mężczyzna,63.0,Średnie,5539.61,11:05,14:24,Edukacja
Mężczyzna,31.0,Podstawowe,11997.23,11:23,18:48,Inne
Kobieta,62.0,Wyższe,14373.97,15:28,23:12,Rozrywka
Mężczyzna,23.0,Średnie,8041.65,12:51,16:39,Rozrywka
Mężczyzna,46.0,Wyższe,5150.5,10:11,14:54,Edukacja
Kobieta,40.0,Wyższe,10310.94,23:37,02:32,Praca
Mężczyzna,37.0,Podstawowe,3227.8,14:21,21:42,Inne
Kobieta,45.0,Średnie,4415.61,18:48,05:45,Inne
Kobieta,32.0,Podstawowe,6452.77,10:06,21:26,Zakupy
Kobieta,21.0,Podstawowe,8459.6,20:36,04:19,Praca
Mężczyzna,20.0,Wyższe,9044.11,11:54,16:02,Praca
Kobieta,37.0,Średnie,8132.37,20:15,20:48,Inne
Kobieta,67.0,Podstawowe,10976.82,11:22,12:05,Inne
Kobieta,42.0,Podstawowe,4609.28,18:43,20:44,Praca
Mężczyzna,37.0,Podstawowe,8106.95,06:58,17:51,Edukacja
Kobieta,23.0,Średnie,10295.66,22:08,02:54,Rozrywka
Mężczyzna,19.0,Średnie,6723.43,07:14,08:39,Praca
Mężczyzna,63.0,Średnie,10988.31,08:12,16:33,Inne
Kobieta,58.0,Wyższe,,20:39,20:49,Praca
Mężczyzna,18.0,Średnie,6211.61,17:15,01:19,Praca
Mężczyzna,68.0,Średnie,3580.05,,13:10,Zakupy
Mężczyzna,45.0,Wyższe,11212.18,22:03,22:38,Inne
Mężczyzna,61.0,,14170.87,12:21,15:18,Edukacja
Kobieta,20.0,Wyższe,9196.12,15:21,15:39,Zakupy
Mężczyzna,61.0,Średnie,9664.14,15:36,17:23,Zakupy
Kobieta,55.0,Podstawowe,11156.25,21:27,02:54,Zakupy
Mężczyzna,24.0,Wyższe,4538.14,13:54,13:28,Rozrywka
Mężczyzna,40.0,Podstawowe,13800.0,19:12,22:15,Inne
Mężczyzna,46.0,Podstawowe,4310.7,12:55,20:53,Zakupy
Kobieta,61.0,Wyższe,13120.46,16:26,05:29,Zakupy
Kobieta,45.0,Wyższe,7481.12,05:59,16:10,Rozrywka
Kobieta,52.0,Średnie,7532.25,17:50,04:29,Edukacja
Mężczyzna,69.0,Średnie,14832.62,13:43,13:55,Edukacja
Mężczyzna,48.0,Podstawowe,11405.73,09:40,11:08,Zakupy
Kobieta,31.0,Podstawowe,5949.17,06:27,06:35,Rozrywka
Mężczyzna,63.0,Wyższe,6094.19,05:25,10:45,Edukacja
Kobieta,51.0,Wyższe,10304.08,11:52,20:32,Edukacja
Mężczyzna,31.0,Podstawowe,12270.01,21:31,03:32,Zakupy
